first_name,last_name,email
Emanuel,Eastabrook,eeastabrook0@exblog.jp
Donetta,Busse,dbusse1@addtoany.com
Rora,Needham,rneedham2@tmall.com
Deana,MacGilrewy,dmacgilrewy3@archive.org
Lev,Moat,lmoat4@cargocollective.com
Salomo,Filmer,sfilmer5@4shared.com
Tabbi,Myner,tmyner6@go.com
Jorry,Emerton,jemerton7@un.org
Chilton,Mustoe,cmustoe8@amazonaws.com
Lorne,Towne,ltowne9@rediff.com
Eric,Trumble,etrumblea@a8.net
Bridie,Doe,bdoeb@behance.net
Inna,Tuny,itunyc@jiathis.com
Alane,McCrann,amccrannd@intel.com
Lyle,O'Deoran,lodeorane@altervista.org
Dorolice,Macken,dmackenf@comsenz.com
Myer,Wapple,mwappleg@infoseek.co.jp
Gayla,Tullot,gtulloth@businesswire.com
Rubie,Feldfisher,rfeldfisheri@nba.com
Chev,Bentham,cbenthamj@epa.gov
Gwenni,Gaucher,ggaucherk@google.cn
Emelia,Moogan,emooganl@feedburner.com
Nikki,Wakelam,nwakelamm@xinhuanet.com
Erick,Hasard,ehasardn@rambler.ru
Yasmin,Saffran,ysaffrano@last.fm
Elliott,Mourge,emourgep@techcrunch.com
Kip,Tregidgo,ktregidgoq@dmoz.org
Rosemarie,Dallyn,rdallynr@bluehost.com
Darice,Matthias,dmatthiass@prlog.org
Fredrika,Tirone,ftironet@sakura.ne.jp
Kora,Furlong,kfurlongu@dyndns.org
Arlee,Goldson,agoldsonv@nationalgeographic.com
Edie,Palomba,epalombaw@networksolutions.com
Cazzie,Birckmann,cbirckmannx@lycos.com
Archibaldo,Elstob,aelstoby@weibo.com
Judye,Walkden,jwalkdenz@pinterest.com
Deni,Exter,dexter10@google.pl
Maurene,Pays,mpays11@bandcamp.com
Romonda,Heeps,rheeps12@ucoz.com
Eberhard,Robertsson,erobertsson13@rambler.ru
Egan,Marian,emarian14@multiply.com
Gerrilee,Reidie,greidie15@ucoz.com
Dulciana,Glasscoe,dglasscoe16@salon.com
Man,Key,mkey17@weather.com
Dita,Kunc,dkunc18@unc.edu
Sydel,Chastan,schastan19@wix.com
Karisa,Tilzey,ktilzey1a@simplemachines.org
Tadeo,Pretor,tpretor1b@cdbaby.com
Rorie,Strooband,rstrooband1c@cocolog-nifty.com
Cyndia,Ginni,cginni1d@ameblo.jp
Nancie,Roubeix,nroubeix1e@wiley.com
Brian,Kiossel,bkiossel1f@ustream.tv
Jeannine,Cordobes,jcordobes1g@xrea.com
Melina,Noddings,mnoddings1h@shareasale.com
Oswald,Crebo,ocrebo1i@cbc.ca
Bren,Dunk,bdunk1j@aboutads.info
Cindee,Skewes,cskewes1k@webmd.com
Bradley,Fullard,bfullard1l@census.gov
Alexandro,Mengue,amengue1m@ox.ac.uk
Sherwynd,Sievewright,ssievewright1n@google.com.au
Trumann,Kubacki,tkubacki1o@princeton.edu
Kacy,Kauffman,kkauffman1p@dell.com
Chen,Moylan,cmoylan1q@dropbox.com
Jerrine,Tuckerman,jtuckerman1r@netscape.com
Jyoti,Casterton,jcasterton1s@hp.com
Myrtia,Astell,mastell1t@bandcamp.com
Myrilla,Eyres,meyres1u@tmall.com
Florry,Skentelbury,fskentelbury1v@prweb.com
Terrell,Heffernon,theffernon1w@booking.com
Lilian,Cresswell,lcresswell1x@omniture.com
Zena,Cyson,zcyson1y@odnoklassniki.ru
Willard,Patrone,wpatrone1z@harvard.edu
Winifield,Esherwood,wesherwood20@smugmug.com
Pippy,Ewence,pewence21@wordpress.org
Conny,Rubke,crubke22@cloudflare.com
Valentino,Carse,vcarse23@soundcloud.com
Darcey,Gammett,dgammett24@unicef.org
Monty,Laurentino,mlaurentino25@psu.edu
Toma,Sterte,tsterte26@google.com
Quint,McIlheran,qmcilheran27@apache.org
Kyle,Yoseloff,kyoseloff28@nature.com
Randy,Gowenlock,rgowenlock29@usa.gov
Johnathan,Siman,jsiman2a@prnewswire.com
Brianna,Talkington,btalkington2b@wikia.com
Jarid,Wison,jwison2c@mashable.com
Dacia,Smeeton,dsmeeton2d@histats.com
Rip,Hrishanok,rhrishanok2e@wikipedia.org
Reynard,Cammock,rcammock2f@sun.com
Aila,Romer,aromer2g@accuweather.com
Petey,Dimblebee,pdimblebee2h@rediff.com
Florrie,Rabier,frabier2i@freewebs.com
Carson,Rathbourne,crathbourne2j@webnode.com
Phaidra,Hards,phards2k@privacy.gov.au
Orsa,Bright,obright2l@latimes.com
Meredeth,Albert,malbert2m@google.ru
Jacquelin,Pappi,jpappi2n@prlog.org
Felicdad,Gentle,fgentle2o@smh.com.au
Lamond,Wilton,lwilton2p@google.de
Siward,Munford,smunford2q@answers.com
Andree,Cessford,acessford2r@instagram.com
